ID,Population,Year
A487,Cerro Pellon,2013
A494,Cerro Pellon,2013
A522,Cerro Pellon,2013
A540,Cerro Pellon,2013
A636,Cerro Pellon,2013
A642,Cerro Pellon,2013
A824,Cerro Pellon,2013
A849,Cerro Pellon,2013
A863,Cerro Pellon,2013
A883,Cerro Pellon,2013
A952,Cerro Pellon,2013
A953,Cerro Pellon,2013
A970,Cerro Pellon,2013
A993,Cerro Pellon,2013
A1066,Cerro Pellon,2013
A1104,Cerro Pellon,2013
A1443,Cerro Pellon,2013
A1167,Cerro Pellon,2013
A1227,Cerro Pellon,2013
A1269,Cerro Pellon,2013
A1404,Cerro Pellon,2013
A1433,Cerro Pellon,2013
A1485,Cerro Pellon,2013
A1450,Cerro Pellon,2013
A1491,Cerro Pellon,2013
A1053,Cerro Pellon,2013
A1516,Cerro Pellon,2013
A1525,Cerro Pellon,2013
A1530,Cerro Pellon,2013
A1547,Cerro Pellon,2013
A1544,Cerro Pellon,2013
A1554,Cerro Pellon,2013
A1555,Cerro Pellon,2013
A1557,Cerro Pellon,2013
A1566,Cerro Pellon,2013
A1571,Cerro Pellon,2013
A1576,Cerro Pellon,2013
A1590,Cerro Pellon,2013
A1625,Cerro Pellon,2013
A259,Cerro Pellon,2013
A285,Cerro Pellon,2013
A290,Cerro Pellon,2013
A334,Cerro Pellon,2013
A377,Cerro Pellon,2013
A425,Cerro Pellon,2013
A461,Cerro Pellon,2013
A467,Cerro Pellon,2013
A489,Cerro Pellon,2013
A504,Cerro Pellon,2013
A533,Cerro Pellon,2013
A544,Cerro Pellon,2013
A611,Cerro Pellon,2013
A639,Cerro Pellon,2013
A707,Cerro Pellon,2013
A806,Cerro Pellon,2013
A818,Cerro Pellon,2013
A828,Cerro Pellon,2013
A841,Cerro Pellon,2013
A847,Cerro Pellon,2013
A862,Cerro Pellon,2013
A942,Cerro Pellon,2013
A955,Cerro Pellon,2013
A960,Cerro Pellon,2013
A1002,Cerro Pellon,2013
A1102,Cerro Pellon,2013
A1103,Cerro Pellon,2013
A1105,Cerro Pellon,2013
A1162,Cerro Pellon,2013
A1188,Cerro Pellon,2013
A1226,Cerro Pellon,2013
A1274,Cerro Pellon,2013
A1265,Cerro Pellon,2013
A1420,Cerro Pellon,2013
A1427,Cerro Pellon,2013
A1437,Cerro Pellon,2013
A1440,Cerro Pellon,2013
A1467,Cerro Pellon,2013
A145,Cerro Pellon,2013
A1578,Cerro Pellon,2013
A65,Cerro Pellon,2013
A382,Cerro Pellon,2013
A70,Cerro Pellon,2013
A304,Cerro Pellon,2013
A428,Cerro Pellon,2013
A310,Cerro Pellon,2013
A248,Cerro Pellon,2013
A95,Cerro Pellon,2013
A81,Cerro Pellon,2013
A77,Cerro Pellon,2013
A264,Cerro Pellon,2013
B1989,Cerro Pellon,2008
B1983,Cerro Pellon,2008
B1916,Cerro Pellon,2008
B1912,Cerro Pellon,2008
B1911,Cerro Pellon,2008
B1833,Cerro Pellon,2008
B1830,Cerro Pellon,2008
B1804,Cerro Pellon,2008
B1803,Cerro Pellon,2008
B1769,Cerro Pellon,2008
B1746,Cerro Pellon,2008
B1741,Cerro Pellon,2008
B1720,Cerro Pellon,2008
B1716,Cerro Pellon,2008
B1693,Cerro Pellon,2008
B1638,Cerro Pellon,2008
B1630,Cerro Pellon,2008
B1627,Cerro Pellon,2008
B1574,Cerro Pellon,2008
B1531,Cerro Pellon,2008
B1361,Cerro Pellon,2008
B1352,Cerro Pellon,2008
B1339,Cerro Pellon,2008
B1336,Cerro Pellon,2008
B1292,Cerro Pellon,2008
B1281,Cerro Pellon,2008
B1277,Cerro Pellon,2008
B1266,Cerro Pellon,2008
B1202,Cerro Pellon,2008
B1717,Cerro Pellon,2008
B1313,Cerro Pellon,2008
B1922,Cerro Pellon,2008
B1933,Cerro Pellon,2008
B1917,Cerro Pellon,2008
B1913,Cerro Pellon,2008
B1887,Cerro Pellon,2008
B1719,Cerro Pellon,2008
B1726,Cerro Pellon,2008
B1729,Cerro Pellon,2008
B1700,Cerro Pellon,2008
B1629,Cerro Pellon,2008
B1201,Cerro Pellon,2008
B1639,Cerro Pellon,2008
B1275,Cerro Pellon,2008
B1400,Cerro Pellon,2008
B1284,Cerro Pellon,2008
B1579,Cerro Pellon,2008
B1628,Cerro Pellon,2008
B1263,Cerro Pellon,2008
B1549,Cerro Pellon,2008
B1973,Cerro Pellon,2008
B1752,Cerro Pellon,2008
B1883,Cerro Pellon,2008
B1790,Cerro Pellon,2008
B1775,Cerro Pellon,2008
B1742,Cerro Pellon,2008
B1835,Cerro Pellon,2008
B1832,Cerro Pellon,2008
B1694,Cerro Pellon,2008
B1689,Cerro Pellon,2008
B1667,Cerro Pellon,2008
B1527,Cerro Pellon,2008
B1526,Cerro Pellon,2008
B1365,Cerro Pellon,2008
C1029,Sierra Chincua,2008
C1022,Sierra Chincua,2008
C1008,Sierra Chincua,2008
C589,Sierra Chincua,2008
C311,Sierra Chincua,2008
C588,Sierra Chincua,2008
C426,Sierra Chincua,2008
C425,Sierra Chincua,2008
C1097,Sierra Chincua,2008
C358,Sierra Chincua,2008
C1036,Sierra Chincua,2008
C424,Sierra Chincua,2008
C423,Sierra Chincua,2008
C404,Sierra Chincua,2008
C325,Sierra Chincua,2008
C664,Sierra Chincua,2008
C854,Sierra Chincua,2008
C316,Sierra Chincua,2008
C971,Sierra Chincua,2008
C916,Sierra Chincua,2008
C306,Sierra Chincua,2008
C428,Sierra Chincua,2008
C1087,Sierra Chincua,2008
C590,Sierra Chincua,2008
C896,Sierra Chincua,2008
C817,Sierra Chincua,2008
C430,Sierra Chincua,2008
C960,Sierra Chincua,2008
C585,Sierra Chincua,2008
C1162,Sierra Chincua,2008
C303,Sierra Chincua,2008
C1031,Sierra Chincua,2008
C882,Sierra Chincua,2008
C422,Sierra Chincua,2008
C1133,Sierra Chincua,2008
C1164,Sierra Chincua,2008
C427,Sierra Chincua,2008
C1118,Sierra Chincua,2008
C841,Sierra Chincua,2008
C421,Sierra Chincua,2008
C830,Sierra Chincua,2008
C511,Sierra Chincua,2008
C502,Sierra Chincua,2008
C501,Sierra Chincua,2008
C803,Sierra Chincua,2008
C802,Sierra Chincua,2008
C568,Sierra Chincua,2008
C1191,Sierra Chincua,2008
C1140,Sierra Chincua,2008
C987,Sierra Chincua,2008
C433,Sierra Chincua,2008
C975,Sierra Chincua,2008
C473,Sierra Chincua,2008
C1154,Sierra Chincua,2008
C512,Sierra Chincua,2008
C996,Sierra Chincua,2008