ID,Box,Year,Sex,Date,Population,Location,isotope data?,Alternate ID,notes
001,BC,2019,female,early summer,ENA,"Chicago, IL - Jackson Park",no,NA,
002,BC,2019,female,late summer,ENA,"Chicago, IL - Jackson Park",no,NA,
003,BC,2019,male,late summer,ENA,"Chicago, IL - Jackson Park",no,NA,
004,BC,2019,female,late summer,ENA,"Chicago, IL - Jackson Park",no,NA,
005,BC,2019,female,late summer,ENA,"Chicago, IL - Jackson Park",no,NA,
006,BC,2019,male,late summer,ENA,"Chicago, IL - Jackson Park",no,NA,
007,BC,2019,female,late summer,ENA,"Chicago, IL - Jackson Park",no,NA,
008,BC,2019,female,late summer,ENA,"Chicago, IL - Jackson Park",no,NA,
009,BC,2019,female,late summer,ENA,"Chicago, IL - Jackson Park",no,NA,
010,BC,2019,male,late summer,ENA,"Chicago, IL - Jackson Park",no,NA,
011,BC,2019,male,late summer,ENA,"Chicago, IL - Jackson Park",no,NA,
012,BC,2019,female,late summer,ENA,"Chicago, IL - Jackson Park",no,NA,
013,BC,2019,female,late summer,ENA,"Chicago, IL - Jackson Park",no,NA,
014,BC,2019,female,late summer,ENA,"Chicago, IL - Jackson Park",no,NA,
015,BC,2019,male,late summer,ENA,"Chicago, IL - Jackson Park",no,NA,
016,BC,2019,female,"unclear, marked early",ENA,"Chicago, IL - Jackson Park",no,NA,
017,BC,2019,male,"unclear, marked early",ENA,"Chicago, IL - Jackson Park",no,NA,
018,BC,2019,male,"unclear, marked early",ENA,"Chicago, IL - Jackson Park",no,NA,
019,BC,2019,female,"unclear, marked early",ENA,"Chicago, IL - Jackson Park",no,NA,
020,BC,2019,male,late summer,ENA,"Chicago, IL - Jackson Park",no,NA,
021,BC,2019,female,late summer,ENA,"Chicago, IL - Jackson Park",no,NA,
022,BC,2019,female,late summer,ENA,"Chicago, IL - Jackson Park",no,NA,
023,BC,2019,male,late summer,ENA,"Chicago, IL - Jackson Park",no,NA,
024,BC,2019,male,late summer,ENA,"Chicago, IL - Jackson Park",no,NA,
025,BC,2019,male,late summer,ENA,"Chicago, IL - Jackson Park",no,NA,
026,BC,2019,male,late summer,ENA,"Chicago, IL - Jackson Park",no,NA,
027,BC,2019,female,late summer,ENA,"Chicago, IL - Jackson Park",no,NA,
028,BC,2019,male,late summer,ENA,"Chicago, IL - Jackson Park",no,NA,
029,BC,2019,male,late summer,ENA,"Chicago, IL - Jackson Park",no,NA,
030,BC,2019,male,late summer,ENA,"Chicago, IL - Jackson Park",no,NA,
031,BC,2019,female,late summer,ENA,"Chicago, IL - Jackson Park",no,NA,
032,BC,2019,female,late summer,ENA,"Chicago, IL - Jackson Park",no,NA,
033,BC,2019,female,late summer,ENA,"Chicago, IL - Jackson Park",no,NA,
034,BC,2019,female,late summer,ENA,"Chicago, IL - Jackson Park",no,NA,
035,BC,2019,female,late summer,ENA,"Chicago, IL - Jackson Park",no,NA,
036,BC,2019,male,late summer,ENA,"Chicago, IL - Jackson Park",no,NA,
037,BC,2019,male,late summer,ENA,"Chicago, IL - Jackson Park",no,NA,
038,BC,2019,male,late summer,ENA,"Chicago, IL - Jackson Park",no,NA,
039,BC,2019,male,late summer,ENA,"Chicago, IL - Jackson Park",no,NA,
040,BC,2019,female,late summer,ENA,"Chicago, IL - Jackson Park",no,NA,
041,BC,2019,female,late summer,ENA,"Chicago, IL - Jackson Park",no,NA,
042,BC,2019,male,late summer,ENA,"Chicago, IL - Jackson Park",no,NA,
043,BC,2019,male,late summer,ENA,"Chicago, IL - Jackson Park",no,NA,
044,BC,2019,male,late summer,ENA,"Chicago, IL - Jackson Park",no,NA,
045,BC,2019,male,late summer,ENA,"Chicago, IL - Jackson Park",no,NA,
046,BC,2019,male,late summer,ENA,"Chicago, IL - Jackson Park",no,NA,
047,BC,2019,male,late summer,ENA,"Chicago, IL - Jackson Park",no,NA,
048,BC,2019,male,late summer,ENA,"Chicago, IL - Jackson Park",no,NA,
049,BC,2019,male,late summer,ENA,"Chicago, IL - Jackson Park",no,NA,
050,BC,2019,male,late summer,ENA,"Chicago, IL - Jackson Park",no,NA,
051,BC,2019,male,late summer,ENA,"Chicago, IL - Jackson Park",no,NA,
052,BC,2019,male,late summer,ENA,"Chicago, IL - Jackson Park",no,NA,
053,BC,2019,male,late summer,ENA,"Chicago, IL - Jackson Park",no,NA,
054,BC,2019,female,early summer,ENA,"Chicago, IL - Jackson Park",no,NA,
055,BC,2019,male,late summer,ENA,"Chicago, IL - Jackson Park",no,NA,
056,BC,2019,female,early summer,ENA,"Chicago, IL - Jackson Park",no,NA,
057,BC,2019,male,early summer,ENA,"Chicago, IL - Jackson Park",no,NA,
058,BC,2019,male,early summer,ENA,"Chicago, IL - Jackson Park",no,NA,
059,BC,2019,female,early summer,ENA,"Chicago, IL - Jackson Park",no,NA,
060,BC,2019,female,early summer,ENA,"Chicago, IL - Jackson Park",no,NA,
061,BC,2019,female,early summer,ENA,"Chicago, IL - Jackson Park",no,NA,
062,BC,2019,female,early summer,ENA,"Chicago, IL - Jackson Park",no,NA,
063,BC,2019,male,early summer,ENA,"Chicago, IL - Jackson Park",no,NA,
064,BC,2019,female,early summer,ENA,"Chicago, IL - Jackson Park",no,NA,
065,BC,2019,female,early summer,ENA,"Chicago, IL - Jackson Park",no,NA,
066,BC,2019,male,early summer,ENA,"Chicago, IL - Jackson Park",no,NA,
067,BC,2019,male,early summer,ENA,"Chicago, IL - Jackson Park",no,NA,
068,BC,2019,male,early summer,ENA,"Chicago, IL - Jackson Park",no,NA,
069,BC,2019,male,early summer,ENA,"Chicago, IL - Jackson Park",no,NA,
070,BC,2019,female,early summer,ENA,"Chicago, IL - Jackson Park",no,NA,
071,BC,2019,male,early summer,ENA,"Chicago, IL - Jackson Park",no,NA,
072,BC,2019,male,early summer,ENA,"Chicago, IL - Jackson Park",no,NA,
073,BC,2019,female,early summer,ENA,"Chicago, IL - Jackson Park",no,NA,
074,BC,2019,female,early summer,ENA,"Chicago, IL - Jackson Park",no,NA,
075,BC,2019,female,early summer,ENA,"Chicago, IL - Jackson Park",no,NA,
076,BC,2019,female,early summer,ENA,"Chicago, IL - Jackson Park",no,NA,
077,BC,2019,female,early summer,ENA,"Chicago, IL - Jackson Park",no,NA,
078,BC,2019,female,early summer,ENA,"Chicago, IL - Jackson Park",no,NA,
079,BC,2019,male,early summer,ENA,"Chicago, IL - Jackson Park",no,NA,
080,BC,2019,female,early summer,ENA,"Chicago, IL - Jackson Park",no,NA,
081,BC,2019,male,early summer,ENA,"Chicago, IL - Jackson Park",no,NA,
082,AG,2017,female,2017-04-14,ENA,"near Austin, TX",no,T215,
083,AG,2017,male,2017-04-16,ENA,"near Austin, TX",no,T207,
084,AG,2017,male,2017-04-16,ENA,"near Austin, TX",no,T202,
085,AG,2017,male,2017-04-15,ENA,"near Austin, TX",no,T217,
086,AG,2017,female,2017-04-18,ENA,"near Austin, TX",no,T226,
087,AG,2017,female,2017-04-15,ENA,"near Austin, TX",no,T223,
088,AG,2017,male,spring,ENA,"near Austin, TX",no,T234,
089,AG,2017,male,spring,ENA,"near Austin, TX",no,T236,
090,AG,2017,female,2017-04-16,ENA,"near Austin, TX",no,T201,
091,AG,2017,female,spring,ENA,"near Austin, TX",no,T304,"reared from caterpillar, OE+, possibly non-migrant?"
092,AG,2017,male,2017-04-19,ENA,"near Austin, TX",no,T230,
093,AG,2017,female,2017-04-14,ENA,"near Austin, TX",no,T216,
094,AG,2017,female,2017-04-16,ENA,"near Austin, TX",no,T206,
095,AG,2017,male,2017-04-19,ENA,"near Austin, TX",no,T229,
096,AG,2017,male,2017-04-14,ENA,"near Austin, TX",no,T213,
097,AG,2017,male,2017-04-15,ENA,"near Austin, TX",no,T205,
098,AG,2017,male,2017-04-14,ENA,"near Austin, TX",no,T212,
099,AG,2017,*female,*4/15/2017,ENA,"near Austin, TX",no,T010,*Danaus gilippus
100,AG,2017,male,2017-04-14,ENA,"near Austin, TX",no,T210,
101,AG,2017,male,2017-04-14,ENA,"near Austin, TX",no,T211,
102,AG,2017,female,2017-04-14,ENA,"Dallas, TX",no,NA,
103,AG,2017,male,2017-04-18,ENA,"near Austin, TX",no,T228,
104,AG,2017,male,2017-04-15,ENA,"Riesel, TX",no,T220,
105,AG,2017,male,2017-04-15,ENA,"near Austin, TX",no,T225,
106,AG,2017,*female,spring,ENA,"near Austin, TX",no,NA,*Danaus gilippus
107,AH,2017,male,2017-04-19,ENA,"near Austin, TX",no,T231,
108,AH,2017,female,2017-04-18,ENA,"near Austin, TX",no,T228,
109,AH,2017,male,2017-04-15,ENA,"near Austin, TX",no,T218,
110,AH,2017,male,spring,ENA,"near Austin, TX",no,T240,
111,AH,2017,female,spring,ENA,"near Austin, TX",no,T235,
112,AH,2017,male,spring,ENA,"near Austin, TX",no,T237,
113,AH,2017,female,spring,ENA,"near Austin, TX",no,NA,
114,AH,2017,female,spring,ENA,"near Austin, TX",no,T233,
115,AH,2017,male,spring,ENA,"near Austin, TX",no,T238,
116,AH,2017,male,2017-04-15,ENA,"near Austin, TX",no,T222,
117,AH,2017,female,2017-04-15,ENA,"Riesel, TX",no,T221,
118,AH,2017,male,2017-04-14,ENA,"near Austin, TX",no,T214,
119,AH,2017,male,2017-04-16,ENA,"near Austin, TX",no,T200,
120,AH,2017,male,2017-04-14,ENA,"near Austin, TX",no,T209,
121,AH,2017,female,2017-04-18,ENA,"near Austin, TX",no,T204,
122,AH,2017,female,2017-04-14,ENA,"near Austin, TX",no,T208,
123,AH,2017,male,2017-04-15,ENA,"near Austin, TX",no,T219,
124,AH,2017,male,spring,ENA,"near Austin, TX",no,T239,
125,AH,2017,female,2017-04-15,ENA,"near Austin, TX",no,T224,
126,EP,2020,male,June,ENA,"Chicago, IL - Jackson Park",no,E0.1,
127,EP,2020,female,June,ENA,"Chicago, IL - Jackson Park",no,E0.2,
128,EP,2020,female,June,ENA,"Chicago, IL - Jackson Park",no,E0.3,
129,EP,2020,male,June,ENA,"Chicago, IL - Jackson Park",no,E0.4,
130,EP,2020,male,June,ENA,"Chicago, IL - Jackson Park",no,E0.5,
131,EP,2020,male,June,ENA,"Chicago, IL - Jackson Park",no,E0.6,
132,EP,2020,male,June,ENA,"Chicago, IL - Jackson Park",no,E0.7,
133,EP,2020,male,June,ENA,"Chicago, IL - Jackson Park",no,E0.8,
134,EP,2020,female,June,ENA,"Chicago, IL - Jackson Park",no,E0.9,
135,EP,2020,male,June,ENA,"Chicago, IL - Jackson Park",no,E0.10,
136,EP,2020,female,June,ENA,"Chicago, IL - Jackson Park",no,E0.11,
137,EP,2020,male,June,ENA,"Chicago, IL - Jackson Park",no,E0.12,
138,EP,2020,female,June,ENA,"Chicago, IL - Jackson Park",no,E0.13,
139,EP,2020,male,June,ENA,"Chicago, IL - Jackson Park",no,E0.14,
140,EP,2020,female,June,ENA,"Chicago, IL - Jackson Park",no,E0.15,
141,EP,2020,male,June,ENA,"Chicago, IL - Jackson Park",no,E0.16,
142,EP,2020,female,June,ENA,"Chicago, IL - Jackson Park",no,E0.17,
143,EP,2020,female,June,ENA,"Chicago, IL - Jackson Park",no,E0.18,
144,EP,2020,female,June,ENA,"Chicago, IL - Jackson Park",no,E0.19,
145,EP,2020,female,June,ENA,"Chicago, IL - Jackson Park",no,E0.20,
146,EP,2020,male,June,ENA,"Chicago, IL - Jackson Park",no,E0.21,
147,EP,2020,male,June,ENA,"Chicago, IL - Jackson Park",no,E0.22,
148,EP,2020,male,June,ENA,"Chicago, IL - Jackson Park",no,E0.23,
149,EP,2020,male,June,ENA,"Chicago, IL - Jackson Park",no,E0.24,
150,EP,2020,male,June,ENA,"Chicago, IL - Jackson Park",no,E0.25,
151,EP,2020,female,June,ENA,"Chicago, IL - Jackson Park",no,E0.26,
152,EP,2020,female,June,PR,Puerto Rico,no,P0.1,
153,EP,2020,female,June,PR,Puerto Rico,no,P0.2,
154,EP,2020,female,June,PR,Puerto Rico,no,P0.3,
155,EP,2020,female,June,PR,Puerto Rico,no,P0.4,
156,EP,2020,female,June,PR,Puerto Rico,no,P0.5,
157,EP,2020,male,June,PR,Puerto Rico,no,P0.6,
158,EP,2020,female,June,PR,Puerto Rico,no,P0.7,
159,EP,2020,male,June,PR,Puerto Rico,no,P0.8,
160,EP,2020,male,June,PR,Puerto Rico,no,P0.9,
161,EP,2020,female,June,PR,Puerto Rico,no,P0.10,
162,EP,2020,male,June,PR,Puerto Rico,no,P0.11,
163,EP,2020,male,June,PR,Puerto Rico,no,P0.12,
164,EP,2020,male,June,PR,Puerto Rico,no,P0.13,
165,EP,2020,male,June,PR,Puerto Rico,no,P0.14,
166,EP,2020,male,June,PR,Puerto Rico,no,P0.15,
167,EP,2020,female,June,PR,Puerto Rico,no,P0.16,
168,EP,2020,female,June,PR,Puerto Rico,no,P0.17,
169,misc,2017,male,2017-05-31,WNA,"Davis, CA - Arboretum",no,Davis_003,
170,misc,2017,male,2017-05-31,WNA,"Davis, CA - Arboretum",no,Davis_004,
171,misc,2017,male,2017-05-26,WNA,"Davis, CA - Arboretum",no,004,
172,misc,2018,female,2018-05-07,WNA,"Davis, CA - Arboretum",no,CA-3,reared from caterpillar collected in Arboretum; Batch 1
173,misc,2018,male,2017-05-08,WNA,"Davis, CA - Arboretum",no,CA-5,reared from caterpillar collected in Arboretum; Batch 2
174,misc,2018,female,2017-05-11,WNA,"Davis, CA - Arboretum",no,CA-7,reared from caterpillar collected in Arboretum; Batch 3
175,misc,2018,female,2018-06-17,WNA,"Cache Creek, CA",no,CA-X3,
176,misc,2017,female,June,ENA,"Story County, IA",no,NA47,
177,misc,2017,female,June,ENA,"Story County, IA",no,NA48,
178,misc,2017,male,June,ENA,"Story County, IA",no,NA49,
179,misc,2017,female,June,ENA,"Story County, IA",no,NA56,
180,misc,2017,female,June,ENA,"Story County, IA",no,NA70,
181,misc,2017,male,August,AU,"Pinjarra Hills, QLD",no,AU1,
182,misc,2017,female,June,HAW,"Kapalua, Maui",no,HI19,
183,misc,2016,male,2016-05-13,WNA,"Santa Cruz Island, CA",no,NA,
184,misc,2018,male,2018-06-06,WNA,"Davis, CA - Arboretum",no,CA-X1,
185,misc,2018,male,2018-04-17,WNA,"Davis, CA - Arboretum",no,CA-9,reared from caterpillar collected in Arboretum
186,misc,2018,male,2018-04-19,WNA,"Davis, CA - Arboretum",no,CA-10,reared from caterpillar collected in Arboretum
187,misc,2018,male,2018-05-21,WNA,"Davis, CA - Arboretum",no,CA-11,reared from caterpillar collected in Arboretum
188,misc,2018,female,August,ENA,"Chicago, IL - Jackson Park",no,ENA-A,
189,misc,2018,male,August,ENA,"Chicago, IL - Jackson Park",no,ENA-F,
190,misc,2018,male,July,HAW,Oahu,no,H-15,
191,misc,2018,male,July,HAW,Oahu,no,H-16,
192,misc,2018,female,July,HAW,Oahu,no,H-18,
193,misc,2017,female,2017-06-18,HAW,"Kapalua, Maui",no,HI8,
194,misc,2017,male,2017-06-18,HAW,"Kapalua, Maui",no,HI16,
195,misc,2017,male,2017-06-18,HAW,"Kapalua, Maui",no,HI18,
196,misc,2017,male,2017-06-21,HAW,"Kapalua, Maui",no,HI24,
197,misc,2017,male,2017-06-21,HAW,"Kapalua, Maui",no,HI25,
198,misc,2018,female,2018-06-01,GUA,"Dededo, Guam",no,G13,
199,misc,2018,female,2018-06-02,GUA,"Dededo, Guam",no,G21,
200,misc,2018,female,2018-06-02,GUA,"Dededo, Guam",no,G23,
201,misc,2018,female,2018-06-03,GUA,"Dededo, Guam",no,G32,
202,misc,2018,female,2018-06-04,GUA,"Dededo, Guam",no,G40,
203,misc,2018,female,2018-06-04,GUA,"Dededo, Guam",no,G46,
204,misc,2018,female,August,PR,Puerto Rico,no,PR-101,reared from caterpillar collected on Calotropis
205,misc,2018,female,August,PR,Puerto Rico,no,PR-102,reared from caterpillar collected on Calotropis
206,misc,2018,female,August,PR,Puerto Rico,no,PR-104,reared from caterpillar collected on Calotropis
207,misc,2018,female,August,PR,Puerto Rico,no,PR-105,reared from caterpillar collected on Calotropis
208,misc,2018,female,August,PR,Puerto Rico,no,PR-111,reared from caterpillar collected on Calotropis
209,misc,2018,female,August,PR,Puerto Rico,no,PR-112,reared from caterpillar collected on Calotropis
210,misc,2018,female,August,PR,Puerto Rico,no,PR-113,reared from caterpillar collected on Calotropis
211,misc,2018,female,August,PR,Puerto Rico,no,PR-116,reared from caterpillar collected on Calotropis
212,misc,2018,male,August,PR,Puerto Rico,no,PM1,from caterpillar reared in mariposario
213,misc,2018,female,August,PR,Puerto Rico,no,PM4,from caterpillar reared in mariposario
214,misc,2018,female,August,PR,Puerto Rico,no,PM6,from caterpillar reared in mariposario
215,misc,2018,male,August,PR,Puerto Rico,no,PM7,from caterpillar reared in mariposario
216,misc,2018,female,August,PR,Puerto Rico,no,PM8,from caterpillar reared in mariposario
217,misc,2017,female,August,AU,"Pinjarra Hills, QLD",no,AU4,"sent by Meron, 2017; arrived dead"
218,misc,2017,female,August,AU,"Pinjarra Hills, QLD",no,AU5,"sent by Meron, 2017; arrived dead"
219,misc,2017,female,August,AU,"Pinjarra Hills, QLD",no,AU3,"sent by Meron, 2017; arrived dead"
220,misc,2017,male,August,AU,"Pinjarra Hills, QLD",no,AU2,"sent by Meron, 2017; arrived dead"
221,misc,2017,female,August,AU,"Pinjarra Hills, QLD",no,AU6,"sent by Meron, 2017; arrived dead"
222,misc,2017,female,August,AU,"Pinjarra Hills, QLD",no,AU14,"sent by Meron, 2017; arrived dead"
223,misc,2018,male,2018-08-12,AU,"Pinjarra Hills, QLD",no,17_10_1,Meron sent in 2018
224,misc,2018,male,2018-08-12,AU,"Pinjarra Hills, QLD",no,E_10_3,Meron sent in 2018
225,misc,2018,male,2018-08-12,AU,"Pinjarra Hills, QLD",no,9_3_2,Meron sent in 2018
226,misc,2018,female,August,AU,"Pinjarra Hills, QLD",no,AU_A5,Meron sent as pupae in 2018
227,misc,2018,female,August,AU,"Pinjarra Hills, QLD",no,AU_A6,Meron sent as pupae in 2018
228,misc,2018,female,August,AU,"Pinjarra Hills, QLD",no,AU_A11,Meron sent as pupae in 2018
229,misc,2018,female,August,AU,"Pinjarra Hills, QLD",no,AU_A12,Meron sent as pupae in 2018
230,misc,2018,female,August,AU,"Pinjarra Hills, QLD",no,AU_A13,Meron sent as pupae in 2018
231,misc,2018,female,August,AU,"Pinjarra Hills, QLD",no,AU_A17,Meron sent as pupae in 2018
232,misc,2011,female,2011-09-14,WNA,unknown provenance,no,016,"from Louie's freezer, in bag only labelled with date"
233,misc,2011,male,2011-09-14,WNA,unknown provenance,no,017,"from Louie's freezer, in bag only labelled with date"
234,misc,2011,male,2011-09-14,WNA,unknown provenance,no,018,"from Louie's freezer, in bag only labelled with date"
235,misc,2011,female,2011-09-14,WNA,unknown provenance,no,019,"from Louie's freezer, in bag only labelled with date"
236,misc,2011,male,2011-09-14,WNA,unknown provenance,no,020,"from Louie's freezer, in bag only labelled with date"
237,misc,2011,male,2011-09-14,WNA,unknown provenance,no,021,"from Louie's freezer, in bag only labelled with date"
238,misc,2011,female,2011-09-14,WNA,unknown provenance,no,022,"from Louie's freezer, in bag only labelled with date"
239,misc,2011,female,2011-09-14,WNA,unknown provenance,no,024,"from Louie's freezer, in bag only labelled with date"
240,misc,2011,male,2011-09-14,WNA,unknown provenance,no,008,"from Louie's freezer, in bag only labelled with date"
241,misc,2011,male,2011-09-14,WNA,unknown provenance,no,009,"from Louie's freezer, in bag only labelled with date"
242,misc,2011,male,2011-09-14,WNA,unknown provenance,no,010,"from Louie's freezer, in bag only labelled with date"
243,misc,2011,female,2011-09-14,WNA,unknown provenance,no,011,"from Louie's freezer, in bag only labelled with date"
244,misc,2011,male,2011-09-14,WNA,unknown provenance,no,012,"from Louie's freezer, in bag only labelled with date"
245,misc,2011,male,2011-09-14,WNA,unknown provenance,no,013,"from Louie's freezer, in bag only labelled with date"
246,misc,2011,male,2011-09-14,WNA,unknown provenance,no,014,"from Louie's freezer, in bag only labelled with date"
247,misc,2011,male,2011-09-14,WNA,unknown provenance,no,015,"from Louie's freezer, in bag only labelled with date"
248,misc,2011,female,2011-09-14,WNA,unknown provenance,no,023,"from Louie's freezer, in bag only labelled with date"
249,misc,2011,male,2011-09-14,WNA,unknown provenance,no,025,"from Louie's freezer, in bag only labelled with date"
250,misc,2011,female,2011-09-14,WNA,unknown provenance,no,026,"from Louie's freezer, in bag only labelled with date"
251,misc,2011,male,2011-09-14,WNA,unknown provenance,no,027,"from Louie's freezer, in bag only labelled with date"
252,misc,2011,male,2011-09-14,WNA,unknown provenance,no,028,"from Louie's freezer, in bag only labelled with date"
253,misc,2011,female,2011-09-14,WNA,unknown provenance,no,029,"from Louie's freezer, in bag only labelled with date"
254,misc,2011,female,2011-09-14,WNA,unknown provenance,no,001,"from Louie's freezer, in bag only labelled with date"
255,misc,2011,male,2011-09-14,WNA,unknown provenance,no,002,"from Louie's freezer, in bag only labelled with date"
256,misc,2011,female,2011-09-14,WNA,unknown provenance,no,003,"from Louie's freezer, in bag only labelled with date"
257,misc,2011,male,2011-09-14,WNA,unknown provenance,no,004,"from Louie's freezer, in bag only labelled with date"
258,misc,2011,male,2011-09-14,WNA,unknown provenance,no,005,"from Louie's freezer, in bag only labelled with date"
259,misc,2011,female,2011-09-14,WNA,unknown provenance,no,006,"from Louie's freezer, in bag only labelled with date"
260,misc,2011,female,2011-09-14,WNA,unknown provenance,no,007,"from Louie's freezer, in bag only labelled with date"
261,misc,2011,female,2011-09-14,WNA,unknown provenance,no,038,"from Louie's freezer, in bag only labelled with date"
262,misc,2011,male,2011-09-14,WNA,unknown provenance,no,039,"from Louie's freezer, in bag only labelled with date"
263,misc,2011,female,2011-09-14,WNA,unknown provenance,no,040,"from Louie's freezer, in bag only labelled with date"
264,misc,2011,male,2011-09-14,WNA,unknown provenance,no,041,"from Louie's freezer, in bag only labelled with date"
265,misc,2011,male,2011-09-14,WNA,unknown provenance,no,042,"from Louie's freezer, in bag only labelled with date"
266,misc,2011,female,2011-09-14,WNA,unknown provenance,no,031,"from Louie's freezer, in bag only labelled with date"
267,misc,2011,female,2011-09-14,WNA,unknown provenance,no,032,"from Louie's freezer, in bag only labelled with date"
268,misc,2011,female,2011-09-14,WNA,unknown provenance,no,033,"from Louie's freezer, in bag only labelled with date"
269,misc,2011,male,2011-09-14,WNA,unknown provenance,no,034,"from Louie's freezer, in bag only labelled with date"
270,misc,2011,male,2011-09-14,WNA,unknown provenance,no,035,"from Louie's freezer, in bag only labelled with date"
271,misc,2011,male,2011-09-14,WNA,unknown provenance,no,036,"from Louie's freezer, in bag only labelled with date"
272,misc,2011,female,2011-09-14,WNA,unknown provenance,no,037,"from Louie's freezer, in bag only labelled with date"
273,misc,2011,male,2011-09-14,WNA,unknown provenance,no,038,"from Louie's freezer, in bag only labelled with date"
274,misc,2011,female,2011-09-14,WNA,unknown provenance,no,043,"from Louie's freezer, in bag only labelled with date"
275,misc,2011,female,2011-09-14,WNA,unknown provenance,no,044,"from Louie's freezer, in bag only labelled with date"
276,misc,2011,female,2011-09-14,WNA,unknown provenance,no,045,"from Louie's freezer, in bag only labelled with date"
277,misc,2011,female,2011-09-14,WNA,unknown provenance,no,046,"from Louie's freezer, in bag only labelled with date"
278,misc,2011,female,2011-09-14,WNA,unknown provenance,no,047,"from Louie's freezer, in bag only labelled with date"
279,misc,2011,female,2011-09-14,WNA,unknown provenance,no,048,"from Louie's freezer, in bag only labelled with date"
280,misc,2016,check,winter,ENA,Mexican overwintering,yes,001,from Tyler Flockhart
281,misc,2016,check,winter,ENA,Mexican overwintering,yes,002,from Tyler Flockhart
282,misc,2016,check,winter,ENA,Mexican overwintering,yes,003,from Tyler Flockhart
283,misc,2016,check,winter,ENA,Mexican overwintering,yes,006,from Tyler Flockhart
284,misc,2016,check,winter,ENA,Mexican overwintering,yes,008,from Tyler Flockhart
285,misc,2016,check,winter,ENA,Mexican overwintering,yes,016,from Tyler Flockhart
286,misc,2016,check,winter,ENA,Mexican overwintering,yes,018,from Tyler Flockhart
287,misc,2016,check,winter,ENA,Mexican overwintering,yes,019,from Tyler Flockhart
288,misc,2016,check,winter,ENA,Mexican overwintering,yes,020,from Tyler Flockhart
289,misc,2016,check,winter,ENA,Mexican overwintering,yes,031,from Tyler Flockhart
290,misc,2016,check,winter,ENA,Mexican overwintering,yes,033,from Tyler Flockhart
291,misc,2016,check,winter,ENA,Mexican overwintering,yes,035,from Tyler Flockhart
292,misc,2016,check,winter,ENA,Mexican overwintering,yes,037,from Tyler Flockhart
293,misc,2016,check,winter,ENA,Mexican overwintering,yes,038,from Tyler Flockhart
294,misc,2016,check,winter,ENA,Mexican overwintering,yes,042,from Tyler Flockhart
295,misc,2016,check,winter,ENA,Mexican overwintering,yes,045,from Tyler Flockhart
296,misc,2016,check,winter,ENA,Mexican overwintering,yes,049,from Tyler Flockhart
297,misc,2016,check,winter,ENA,Mexican overwintering,yes,051,from Tyler Flockhart
298,misc,2016,check,winter,ENA,Mexican overwintering,yes,055,from Tyler Flockhart
299,misc,2016,check,winter,ENA,Mexican overwintering,yes,062,from Tyler Flockhart
300,misc,2016,check,winter,ENA,Mexican overwintering,yes,063,from Tyler Flockhart
301,misc,2016,check,winter,ENA,Mexican overwintering,yes,066,from Tyler Flockhart
302,misc,2016,check,winter,ENA,Mexican overwintering,yes,068,from Tyler Flockhart
303,misc,2016,check,winter,ENA,Mexican overwintering,yes,069,from Tyler Flockhart
304,misc,2016,check,winter,ENA,Mexican overwintering,yes,070,from Tyler Flockhart
305,misc,2016,check,winter,ENA,Mexican overwintering,yes,071,from Tyler Flockhart
306,misc,2016,check,winter,ENA,Mexican overwintering,yes,078,from Tyler Flockhart
307,misc,2016,check,winter,ENA,Mexican overwintering,yes,079,from Tyler Flockhart
308,misc,2016,check,winter,ENA,Mexican overwintering,yes,080,from Tyler Flockhart
309,misc,2016,check,winter,ENA,Mexican overwintering,yes,082,from Tyler Flockhart
310,misc,2016,check,winter,ENA,Mexican overwintering,yes,083,from Tyler Flockhart
311,misc,2016,check,winter,ENA,Mexican overwintering,yes,087,from Tyler Flockhart
312,misc,2016,check,winter,ENA,Mexican overwintering,yes,089,from Tyler Flockhart
313,misc,2016,check,winter,ENA,Mexican overwintering,yes,090,from Tyler Flockhart
314,misc,2016,check,winter,ENA,Mexican overwintering,yes,092,from Tyler Flockhart
315,misc,2016,check,winter,ENA,Mexican overwintering,yes,096,from Tyler Flockhart
316,misc,2016,check,winter,ENA,Mexican overwintering,yes,098,from Tyler Flockhart
317,misc,2016,check,winter,ENA,Mexican overwintering,yes,100,from Tyler Flockhart
318,misc,2016,check,winter,ENA,Mexican overwintering,yes,103,from Tyler Flockhart
319,misc,2016,check,winter,ENA,Mexican overwintering,yes,104,from Tyler Flockhart
320,misc,2016,check,winter,ENA,Mexican overwintering,yes,108,from Tyler Flockhart
321,misc,2016,check,winter,ENA,Mexican overwintering,yes,112,from Tyler Flockhart
322,misc,2016,check,winter,ENA,Mexican overwintering,yes,113,from Tyler Flockhart
323,misc,2016,check,winter,ENA,Mexican overwintering,yes,114,from Tyler Flockhart
324,misc,2016,check,winter,ENA,Mexican overwintering,yes,115,from Tyler Flockhart
325,misc,2016,check,winter,ENA,Mexican overwintering,yes,116,from Tyler Flockhart
326,misc,2016,check,winter,ENA,Mexican overwintering,yes,124,from Tyler Flockhart
327,misc,2016,check,winter,ENA,Mexican overwintering,yes,125,from Tyler Flockhart
328,misc,2016,check,winter,ENA,Mexican overwintering,yes,126,from Tyler Flockhart
329,misc,2016,check,winter,ENA,Mexican overwintering,yes,128,from Tyler Flockhart
330,misc,2011,female,2011-02-04,WNA,Ellwood Main - ground,yes,001,from Yang et al. 2015
331,misc,2011,male,2011-02-04,WNA,Ellwood Main - ground,yes,002,from Yang et al. 2015
332,misc,2011,male,2011-02-04,WNA,Ellwood Main - ground,yes,003,from Yang et al. 2015
333,misc,2011,male,2011-02-04,WNA,Ellwood Main - ground,yes,004,from Yang et al. 2015
334,misc,2011,male,2011-02-04,WNA,Ellwood Main - ground,yes,005,from Yang et al. 2015
335,misc,2011,female,2011-02-04,WNA,Ellwood Main - ground,yes,006,from Yang et al. 2015
336,misc,2011,female,2011-02-04,WNA,Ellwood Main - ground,yes,007,from Yang et al. 2015
337,misc,2011,female,2011-02-04,WNA,Ellwood Main - ground,yes,008,from Yang et al. 2015
338,misc,2011,male,2011-02-04,WNA,Ellwood Main - ground,yes,009,from Yang et al. 2015
339,misc,2011,male,2011-02-04,WNA,Ellwood Main - ground,yes,010,from Yang et al. 2015
340,misc,2011,female,2011-02-04,WNA,Ellwood Main - ground,yes,011,from Yang et al. 2015
341,misc,2011,male,2011-02-04,WNA,Ellwood Main - ground,yes,012,from Yang et al. 2015
342,misc,2011,male,2011-02-04,WNA,Ellwood Main - ground,yes,013,from Yang et al. 2015
343,misc,2011,male,2011-02-04,WNA,Ellwood Main - ground,yes,014,from Yang et al. 2015
344,misc,2011,male,2011-02-04,WNA,Ellwood Main - ground,yes,015,from Yang et al. 2015
345,misc,2011,female,2011-02-04,WNA,Ellwood Main - ground,yes,016,from Yang et al. 2015
346,misc,2011,male,2011-02-04,WNA,Ellwood Main - ground,yes,017,from Yang et al. 2015
347,misc,2011,male,2011-02-04,WNA,Ellwood Main - ground,yes,018,from Yang et al. 2015
348,misc,2011,male,2011-02-04,WNA,Ellwood Main - ground,yes,019,from Yang et al. 2015
349,misc,2011,male,2011-02-04,WNA,Ellwood Main - ground,yes,020,from Yang et al. 2015
350,misc,2011,female,2011-02-04,WNA,Ellwood Main - ground,yes,021,from Yang et al. 2015
351,misc,2011,male,2011-02-04,WNA,Ellwood Main - ground,yes,022,from Yang et al. 2015
352,misc,2011,male,2011-02-04,WNA,Ellwood Main - ground,yes,023,from Yang et al. 2015
353,misc,2011,male,2011-02-04,WNA,Ellwood Main - ground,yes,024,from Yang et al. 2015
354,misc,2011,male,2011-02-04,WNA,Ellwood Main - ground,yes,025,from Yang et al. 2015
355,misc,2011,female,2011-02-04,WNA,Ellwood Main - ground,yes,026,from Yang et al. 2015
356,misc,2011,male,2011-02-04,WNA,Ellwood Main - ground,yes,027,from Yang et al. 2015
357,misc,2011,male,2011-02-04,WNA,Ellwood Main - ground,yes,028,from Yang et al. 2015
358,misc,2011,female,2011-02-04,WNA,Ellwood Main - ground,yes,029,from Yang et al. 2015
359,misc,2011,male,2011-02-04,WNA,Ellwood Main - ground,yes,030,from Yang et al. 2015
360,misc,2011,female,2011-02-04,WNA,Ellwood Main - ground,yes,031,from Yang et al. 2015
361,misc,2011,female,2011-02-04,WNA,Ellwood Main - ground,yes,032,from Yang et al. 2015
362,misc,2011,female,2011-02-04,WNA,Ellwood Main - ground,yes,033,from Yang et al. 2015
363,misc,2011,male,2011-02-04,WNA,Ellwood Main - ground,yes,034,from Yang et al. 2015
364,misc,2011,female,2011-02-04,WNA,Ellwood Main - ground,yes,035,from Yang et al. 2015
365,misc,2011,female,2011-02-04,WNA,Ellwood Main - ground,yes,036,from Yang et al. 2015
366,misc,2011,female,2011-02-04,WNA,Ellwood Main - ground,yes,037,from Yang et al. 2015
367,misc,2011,male,2011-02-04,WNA,Ellwood Main - ground,yes,038,from Yang et al. 2015
368,misc,2011,male,2011-02-04,WNA,Ellwood Main - ground,yes,039,from Yang et al. 2015
369,misc,2011,female,2011-02-04,WNA,Ellwood Main - ground,yes,040,from Yang et al. 2015
370,misc,2011,female,2011-02-04,WNA,Ellwood Main - ground,yes,041,from Yang et al. 2015
371,misc,2011,male,2011-02-04,WNA,Ellwood Main - ground,yes,042,from Yang et al. 2015
372,misc,2011,male,2011-02-04,WNA,Ellwood Main - ground,yes,043,from Yang et al. 2015
373,misc,2011,female,2011-02-04,WNA,Ellwood Main - ground,yes,044,from Yang et al. 2015
374,misc,2011,female,2011-02-04,WNA,Ellwood Main - ground,yes,045,from Yang et al. 2015
375,misc,2011,female,2011-02-04,WNA,Ellwood Main - ground,yes,046,from Yang et al. 2015
376,misc,2011,male,2011-02-04,WNA,Ellwood Main - ground,yes,047,from Yang et al. 2015
377,misc,2011,male,2011-02-04,WNA,Ellwood Main - ground,yes,048,from Yang et al. 2015
378,misc,2011,male,2011-02-04,WNA,Ellwood Main - ground,yes,049,from Yang et al. 2015
379,misc,2011,male,2011-02-04,WNA,Ellwood Main - ground,yes,050,from Yang et al. 2015
380,misc,2011,male,2011-02-04,WNA,Ellwood Main - ground,yes,051,from Yang et al. 2015
381,misc,2011,male,2011-02-04,WNA,Ellwood Main - ground,yes,052,from Yang et al. 2015
382,misc,2011,male,2011-02-04,WNA,Ellwood Main - ground,yes,053,from Yang et al. 2015
383,misc,2009,male,2009-12-05,WNA,SC Lighthouse - Sweep 2,yes,109,from Yang et al. 2015
384,misc,2009,male,2009-12-05,WNA,SC Lighthouse - Sweep 2,yes,110,from Yang et al. 2015
385,misc,2009,female,2009-12-05,WNA,SC Lighthouse - Sweep 2,yes,111,from Yang et al. 2015
386,misc,2009,male,2009-12-05,WNA,SC Lighthouse - Sweep 2,yes,112,from Yang et al. 2015
387,misc,2009,male,2009-12-05,WNA,SC Lighthouse - Sweep 2,yes,113,from Yang et al. 2015
388,misc,2009,male,2009-12-05,WNA,SC Lighthouse - Sweep 2,yes,114,from Yang et al. 2015
389,misc,2009,male,2009-12-05,WNA,SC Lighthouse - Sweep 2,yes,116,from Yang et al. 2015
390,misc,2009,female,2009-12-05,WNA,SC Lighthouse - Sweep 1,yes,094,from Yang et al. 2015
391,misc,2009,male,2009-12-05,WNA,SC Lighthouse - Sweep 1,yes,096,from Yang et al. 2015
392,misc,2009,female,2009-12-05,WNA,SC Lighthouse - Sweep 1,yes,097,from Yang et al. 2015
393,misc,2009,male,2009-12-05,WNA,SC Lighthouse - Sweep 1,yes,099,from Yang et al. 2015
394,misc,2009,male,2009-12-05,WNA,SC Lighthouse - Sweep 1,yes,100,from Yang et al. 2015
395,misc,2009,male,2009-12-05,WNA,SC Lighthouse - Sweep 1,yes,102,from Yang et al. 2015
396,misc,2009,male,2009-12-05,WNA,SC Lighthouse - Sweep 1,yes,103,from Yang et al. 2015
397,misc,2009,female,2009-12-05,WNA,SC Lighthouse - Sweep 1,yes,105,from Yang et al. 2015
398,misc,2009,female,2009-12-05,WNA,SC Lighthouse - Sweep 1,yes,106,from Yang et al. 2015
399,misc,2009,female,2009-12-05,WNA,SC Lighthouse - ground,yes,125,from Yang et al. 2015
400,misc,2009,female,2009-12-05,WNA,SC Lighthouse - ground,yes,126,from Yang et al. 2015
401,misc,2009,male,2009-12-05,WNA,SC Lighthouse - ground,yes,127,from Yang et al. 2015
402,misc,2009,male,2009-12-05,WNA,SC Lighthouse - ground,yes,128,from Yang et al. 2015
403,misc,2009,male,2009-12-05,WNA,SC Lighthouse - ground,yes,129,from Yang et al. 2015
404,misc,2009,female,2009-12-05,WNA,Goleta Ellwood - Sweep 1,yes,062,from Yang et al. 2015
405,misc,2009,female,2009-12-05,WNA,Goleta Ellwood - Sweep 1,yes,063,from Yang et al. 2015
406,misc,2009,male,2009-12-05,WNA,Goleta Ellwood - Sweep 1,yes,064,from Yang et al. 2015
407,misc,2009,female,2009-12-05,WNA,Goleta Ellwood - Sweep 1,yes,065,from Yang et al. 2015
408,misc,2009,male,2009-12-05,WNA,Goleta Ellwood - Sweep 1,yes,066,from Yang et al. 2015
409,misc,2009,female,2009-12-05,WNA,Goleta Ellwood - Sweep 1,yes,067,from Yang et al. 2015
410,misc,2009,male,2009-12-05,WNA,Goleta Ellwood - Sweep 2,yes,068,from Yang et al. 2015
411,misc,2009,male,2009-12-05,WNA,Goleta Ellwood - Sweep 2,yes,071,from Yang et al. 2015
412,misc,2009,male,2009-12-05,WNA,Goleta Ellwood - Sweep 2,yes,073,from Yang et al. 2015
413,misc,2009,male,2009-12-05,WNA,Goleta Ellwood - Sweep 2,yes,074,from Yang et al. 2015
414,misc,2009,male,2009-12-05,WNA,Goleta Ellwood - Sweep 2,yes,075,from Yang et al. 2015
415,misc,2009,female,2009-12-05,WNA,Goleta Ellwood - Sweep 2,yes,076,from Yang et al. 2015
416,misc,2009,male,2009-12-05,WNA,Goleta Ellwood - Sweep 2,yes,077,from Yang et al. 2015
417,misc,2009,male,2009-12-05,WNA,Goleta Ellwood - Sweep 2,yes,078,from Yang et al. 2015
418,misc,2009,male,2009-12-05,WNA,Goleta Ellwood - Sweep 2,yes,080,from Yang et al. 2015
419,misc,2009,male,2009-12-05,WNA,Goleta Ellwood - Sweep 2,yes,081,from Yang et al. 2015
420,misc,2009,male,2009-12-05,WNA,Goleta Ellwood - Sweep 2,yes,086,from Yang et al. 2015
421,misc,2009,male,2009-12-05,WNA,Goleta Ellwood - Sweep 2,yes,087,from Yang et al. 2015
422,misc,2009,male,2009-12-05,WNA,Goleta Ellwood - Sweep 2,yes,088,from Yang et al. 2015
423,misc,2009,male,2009-12-05,WNA,Goleta Ellwood - Sweep 2,yes,089,from Yang et al. 2015
424,misc,2009,male,2009-12-05,WNA,Ellwood Main - ground,yes,090,from Yang et al. 2015
425,misc,2009,female,2009-12-05,WNA,Ellwood Main - ground,yes,091,from Yang et al. 2015
426,misc,2009,male,2009-12-05,WNA,Pismo - Sweep 2,yes,055,from Yang et al. 2015
427,misc,2009,male,2009-12-05,WNA,Pismo - Sweep 2,yes,056,from Yang et al. 2015
428,misc,2009,male,2009-12-05,WNA,Pismo - Sweep 2,yes,057,from Yang et al. 2015
429,misc,2009,female,2009-12-05,WNA,Pismo - Sweep 2,yes,058,from Yang et al. 2015
430,misc,2009,female,2009-12-05,WNA,Pismo - Sweep 2,yes,059,from Yang et al. 2015
431,misc,2009,female,2009-12-05,WNA,Pismo - Sweep 2,yes,060,from Yang et al. 2015
432,misc,2009,female,2009-12-05,WNA,Pismo - Sweep 2,yes,061,from Yang et al. 2015
433,misc,2009,male,2009-12-05,WNA,Pismo - Sweep 1,yes,032,from Yang et al. 2015
434,misc,2009,male,2009-12-05,WNA,Pismo - Sweep 1,yes,034,from Yang et al. 2015
435,misc,2009,male,2009-12-05,WNA,Pismo - Sweep 1,yes,035,from Yang et al. 2015
436,misc,2009,female,2009-12-05,WNA,Pismo - Sweep 1,yes,036,from Yang et al. 2015
437,misc,2009,male,2009-12-05,WNA,Pismo - Sweep 1,yes,039,from Yang et al. 2015
438,misc,2009,male,2009-12-05,WNA,Pismo - Sweep 1,yes,040,from Yang et al. 2015
439,misc,2009,male,2009-12-05,WNA,Pismo - Sweep 1,yes,042,from Yang et al. 2015
440,misc,2009,male,2009-12-05,WNA,Pismo - Sweep 1,yes,045,from Yang et al. 2015
441,misc,2009,female,2009-12-05,WNA,Pismo - Sweep 1,yes,046,from Yang et al. 2015
442,misc,2009,male,2009-12-05,WNA,Pismo - Sweep 1,yes,047,from Yang et al. 2015
443,misc,2009,male,2009-12-05,WNA,Pismo - Sweep 1,yes,048,from Yang et al. 2015
444,misc,2009,male,2009-12-05,WNA,Pismo - Sweep 1,yes,050,from Yang et al. 2015
445,misc,2009,male,2009-12-05,WNA,Moran - Sweep,yes,002,from Yang et al. 2015
446,misc,2009,male,2009-12-05,WNA,Moran - Sweep,yes,003,from Yang et al. 2015
447,misc,2009,female,2009-12-05,WNA,Moran - Sweep,yes,004,from Yang et al. 2015
448,misc,2009,male,2009-12-05,WNA,Moran - Sweep,yes,008,from Yang et al. 2015
449,misc,2009,female,2009-12-05,WNA,Moran - Sweep,yes,010,from Yang et al. 2015
450,misc,2009,female,2009-12-05,WNA,Moran - Sweep,yes,011,from Yang et al. 2015
451,misc,2009,male,2009-12-05,WNA,Moran - Sweep,yes,012,from Yang et al. 2015
452,misc,2009,male,2009-12-05,WNA,Moran - Sweep,yes,013,from Yang et al. 2015
453,misc,2009,male,2009-12-05,WNA,Moran - Sweep,yes,015,from Yang et al. 2015
454,misc,2009,male,2009-12-05,WNA,Moran - Sweep,yes,016,from Yang et al. 2015
455,misc,2009,male,2009-12-05,WNA,Moran - Sweep,yes,017,from Yang et al. 2015
456,misc,2009,male,2009-12-05,WNA,Moran - Sweep,yes,018,from Yang et al. 2015
457,misc,2009,male,2009-12-05,WNA,Moran - Sweep,yes,019,from Yang et al. 2015
458,misc,2009,female,2009-12-05,WNA,Moran - Sweep,yes,020,from Yang et al. 2015
459,misc,2009,male,2009-12-05,WNA,Moran - Sweep,yes,022,from Yang et al. 2015
460,misc,2009,female,2009-12-05,WNA,Moran - Sweep,yes,023,from Yang et al. 2015
461,misc,2009,male,2009-12-05,WNA,Moran - Sweep,yes,024,from Yang et al. 2015
462,misc,2009,female,2009-12-05,WNA,Moran - Sweep,yes,025,from Yang et al. 2015
463,misc,2009,male,2009-12-05,WNA,Moran - Sweep,yes,029,from Yang et al. 2015
464,misc,2009,male,2009-12-05,WNA,Moran - Sweep,yes,030,from Yang et al. 2015
465,misc,2009,male,2009-12-05,WNA,Moran - Sweep,yes,031,from Yang et al. 2015